[{"model": "auth.permission", "pk": 1, "fields": {"name": "Can add log entry", "content_type": 1, "codename": "add_logentry"}}, {"model": "auth.permission", "pk": 2, "fields": {"name": "Can change log entry", "content_type": 1, "codename": "change_logentry"}}, {"model": "auth.permission", "pk": 3, "fields": {"name": "Can delete log entry", "content_type": 1, "codename": "delete_logentry"}}, {"model": "auth.permission", "pk": 4, "fields": {"name": "Can view log entry", "content_type": 1, "codename": "view_logentry"}}, {"model": "auth.permission", "pk": 5, "fields": {"name": "Can add permission", "content_type": 2, "codename": "add_permission"}}, {"model": "auth.permission", "pk": 6, "fields": {"name": "Can change permission", "content_type": 2, "codename": "change_permission"}}, {"model": "auth.permission", "pk": 7, "fields": {"name": "Can delete permission", "content_type": 2, "codename": "delete_permission"}}, {"model": "auth.permission", "pk": 8, "fields": {"name": "Can view permission", "content_type": 2, "codename": "view_permission"}}, {"model": "auth.permission", "pk": 9, "fields": {"name": "Can add group", "content_type": 3, "codename": "add_group"}}, {"model": "auth.permission", "pk": 10, "fields": {"name": "Can change group", "content_type": 3, "codename": "change_group"}}, {"model": "auth.permission", "pk": 11, "fields": {"name": "Can delete group", "content_type": 3, "codename": "delete_group"}}, {"model": "auth.permission", "pk": 12, "fields": {"name": "Can view group", "content_type": 3, "codename": "view_group"}}, {"model": "auth.permission", "pk": 13, "fields": {"name": "Can add user", "content_type": 4, "codename": "add_user"}}, {"model": "auth.permission", "pk": 14, "fields": {"name": "Can change user", "content_type": 4, "codename": "change_user"}}, {"model": "auth.permission", "pk": 15, "fields": {"name": "Can delete user", "content_type": 4, "codename": "delete_user"}}, {"model": "auth.permission", "pk": 16, "fields": {"name": "Can view user", "content_type": 4, "codename": "view_user"}}, {"model": "auth.permission", "pk": 17, "fields": {"name": "Can add content type", "content_type": 5, "codename": "add_contenttype"}}, {"model": "auth.permission", "pk": 18, "fields": {"name": "Can change content type", "content_type": 5, "codename": "change_contenttype"}}, {"model": "auth.permission", "pk": 19, "fields": {"name": "Can delete content type", "content_type": 5, "codename": "delete_contenttype"}}, {"model": "auth.permission", "pk": 20, "fields": {"name": "Can view content type", "content_type": 5, "codename": "view_contenttype"}}, {"model": "auth.permission", "pk": 21, "fields": {"name": "Can add session", "content_type": 6, "codename": "add_session"}}, {"model": "auth.permission", "pk": 22, "fields": {"name": "Can change session", "content_type": 6, "codename": "change_session"}}, {"model": "auth.permission", "pk": 23, "fields": {"name": "Can delete session", "content_type": 6, "codename": "delete_session"}}, {"model": "auth.permission", "pk": 24, "fields": {"name": "Can view session", "content_type": 6, "codename": "view_session"}}, {"model": "auth.permission", "pk": 25, "fields": {"name": "Can add ads", "content_type": 7, "codename": "add_ads"}}, {"model": "auth.permission", "pk": 26, "fields": {"name": "Can change ads", "content_type": 7, "codename": "change_ads"}}, {"model": "auth.permission", "pk": 27, "fields": {"name": "Can delete ads", "content_type": 7, "codename": "delete_ads"}}, {"model": "auth.permission", "pk": 28, "fields": {"name": "Can view ads", "content_type": 7, "codename": "view_ads"}}, {"model": "auth.permission", "pk": 29, "fields": {"name": "Can add category", "content_type": 8, "codename": "add_category"}}, {"model": "auth.permission", "pk": 30, "fields": {"name": "Can change category", "content_type": 8, "codename": "change_category"}}, {"model": "auth.permission", "pk": 31, "fields": {"name": "Can delete category", "content_type": 8, "codename": "delete_category"}}, {"model": "auth.permission", "pk": 32, "fields": {"name": "Can view category", "content_type": 8, "codename": "view_category"}}, {"model": "auth.permission", "pk": 33, "fields": {"name": "Can add ads images", "content_type": 9, "codename": "add_adsimages"}}, {"model": "auth.permission", "pk": 34, "fields": {"name": "Can change ads images", "content_type": 9, "codename": "change_adsimages"}}, {"model": "auth.permission", "pk": 35, "fields": {"name": "Can delete ads images", "content_type": 9, "codename": "delete_adsimages"}}, {"model": "auth.permission", "pk": 36, "fields": {"name": "Can view ads images", "content_type": 9, "codename": "view_adsimages"}}, {"model": "auth.permission", "pk": 37, "fields": {"name": "Can add author", "content_type": 10, "codename": "add_author"}}, {"model": "auth.permission", "pk": 38, "fields": {"name": "Can change author", "content_type": 10, "codename": "change_author"}}, {"model": "auth.permission", "pk": 39, "fields": {"name": "Can delete author", "content_type": 10, "codename": "delete_author"}}, {"model": "auth.permission", "pk": 40, "fields": {"name": "Can view author", "content_type": 10, "codename": "view_author"}}, {"model": "auth.permission", "pk": 41, "fields": {"name": "Can add state", "content_type": 11, "codename": "add_state"}}, {"model": "auth.permission", "pk": 42, "fields": {"name": "Can change state", "content_type": 11, "codename": "change_state"}}, {"model": "auth.permission", "pk": 43, "fields": {"name": "Can delete state", "content_type": 11, "codename": "delete_state"}}, {"model": "auth.permission", "pk": 44, "fields": {"name": "Can view state", "content_type": 11, "codename": "view_state"}}, {"model": "auth.permission", "pk": 45, "fields": {"name": "Can add city", "content_type": 12, "codename": "add_city"}}, {"model": "auth.permission", "pk": 46, "fields": {"name": "Can change city", "content_type": 12, "codename": "change_city"}}, {"model": "auth.permission", "pk": 47, "fields": {"name": "Can delete city", "content_type": 12, "codename": "delete_city"}}, {"model": "auth.permission", "pk": 48, "fields": {"name": "Can view city", "content_type": 12, "codename": "view_city"}}, {"model": "auth.permission", "pk": 49, "fields": {"name": "Can add ads right banner", "content_type": 13, "codename": "add_adsrightbanner"}}, {"model": "auth.permission", "pk": 50, "fields": {"name": "Can change ads right banner", "content_type": 13, "codename": "change_adsrightbanner"}}, {"model": "auth.permission", "pk": 51, "fields": {"name": "Can delete ads right banner", "content_type": 13, "codename": "delete_adsrightbanner"}}, {"model": "auth.permission", "pk": 52, "fields": {"name": "Can view ads right banner", "content_type": 13, "codename": "view_adsrightbanner"}}, {"model": "auth.permission", "pk": 53, "fields": {"name": "Can add ads top banner", "content_type": 14, "codename": "add_adstopbanner"}}, {"model": "auth.permission", "pk": 54, "fields": {"name": "Can change ads top banner", "content_type": 14, "codename": "change_adstopbanner"}}, {"model": "auth.permission", "pk": 55, "fields": {"name": "Can delete ads top banner", "content_type": 14, "codename": "delete_adstopbanner"}}, {"model": "auth.permission", "pk": 56, "fields": {"name": "Can view ads top banner", "content_type": 14, "codename": "view_adstopbanner"}}, {"model": "auth.permission", "pk": 57, "fields": {"name": "Can add ads bottom banner", "content_type": 15, "codename": "add_adsbottombanner"}}, {"model": "auth.permission", "pk": 58, "fields": {"name": "Can change ads bottom banner", "content_type": 15, "codename": "change_adsbottombanner"}}, {"model": "auth.permission", "pk": 59, "fields": {"name": "Can delete ads bottom banner", "content_type": 15, "codename": "delete_adsbottombanner"}}, {"model": "auth.permission", "pk": 60, "fields": {"name": "Can view ads bottom banner", "content_type": 15, "codename": "view_adsbottombanner"}}, {"model": "auth.user", "pk": 1, "fields": {"password": "pbkdf2_sha256$150000$cQ4QwhY4uazU$+hbeEz2HbYoZV5S0vow6GAAQ+d31y7hIjmHkiOz9ScM=", "last_login": "2020-09-25T14:02:29.879Z", "is_superuser": true, "username": "mahmud", "first_name": "", "last_name": "", "email": "saj@gmail.com", "is_staff": true, "is_active": true, "date_joined": "2020-09-22T04:31:34.164Z", "groups": [], "user_permissions": []}}, {"model": "auth.user", "pk": 7, "fields": {"password": "pbkdf2_sha256$150000$CAMVFKCcbrwh$pWA8zUwj68fzE04yScIh4Ksk2SXaSlLj5gA7g6LJR/Q=", "last_login": "2020-09-25T12:04:15.952Z", "is_superuser": false, "username": "sajib", "first_name": "Mahmudul", "last_name": "Islam", "email": "shout.mahmud@gmail.com", "is_staff": false, "is_active": true, "date_joined": "2020-09-23T08:58:31.481Z", "groups": [], "user_permissions": []}}, {"model": "sessions.session", "pk": "f973dr8kligqbkbot92elmcqcfdxbf1p", "fields": {"session_data": "OWVkNTM0MjIzY2VjNGI1YTVlMDU5ZTQzMzU5ODljNGFjZWU1YThhNDp7Il9hdXRoX3VzZXJfaWQiOiI3IiwiX2F1dGhfdXNlcl9iYWNrZW5kIjoiZGphbmdvLmNvbnRyaWIuYXV0aC5iYWNrZW5kcy5Nb2RlbEJhY2tlbmQiLCJfYXV0aF91c2VyX2hhc2giOiJiN2UyZTQ4NzhhYjNjYjJlN2ViZmRhYjY4YmRiMDk0MDc5ODFlNTMzIn0=", "expire_date": "2020-10-07T17:07:07.480Z"}}, {"model": "sessions.session", "pk": "myz7ttmh94t0nis7rrxumey9wkwkwaxr", "fields": {"session_data": "MzE5NGNlNGY5ZDk0Y2NhYWM5YmI4ODFkMzZiOWZkNzE3Yjk5MWU2YTp7Il9hdXRoX3VzZXJfaWQiOiIxIiwiX2F1dGhfdXNlcl9iYWNrZW5kIjoiZGphbmdvLmNvbnRyaWIuYXV0aC5iYWNrZW5kcy5Nb2RlbEJhY2tlbmQiLCJfYXV0aF91c2VyX2hhc2giOiIzYjU1M2FjNDYwYTUzMDE2MjVkY2ZhYzEwNzUzZDMyYWIyMzEyM2ZjIn0=", "expire_date": "2020-10-06T13:13:18.246Z"}}, {"model": "sessions.session", "pk": "q2cxbk6h0qq720zr7doi3ibfk75mgwo6", "fields": {"session_data": "OWVkNTM0MjIzY2VjNGI1YTVlMDU5ZTQzMzU5ODljNGFjZWU1YThhNDp7Il9hdXRoX3VzZXJfaWQiOiI3IiwiX2F1dGhfdXNlcl9iYWNrZW5kIjoiZGphbmdvLmNvbnRyaWIuYXV0aC5iYWNrZW5kcy5Nb2RlbEJhY2tlbmQiLCJfYXV0aF91c2VyX2hhc2giOiJiN2UyZTQ4NzhhYjNjYjJlN2ViZmRhYjY4YmRiMDk0MDc5ODFlNTMzIn0=", "expire_date": "2020-10-09T12:04:16.173Z"}}, {"model": "sessions.session", "pk": "wgnspegcl35rrx3z5qmc8f9d3rmxzeif", "fields": {"session_data": "MzE5NGNlNGY5ZDk0Y2NhYWM5YmI4ODFkMzZiOWZkNzE3Yjk5MWU2YTp7Il9hdXRoX3VzZXJfaWQiOiIxIiwiX2F1dGhfdXNlcl9iYWNrZW5kIjoiZGphbmdvLmNvbnRyaWIuYXV0aC5iYWNrZW5kcy5Nb2RlbEJhY2tlbmQiLCJfYXV0aF91c2VyX2hhc2giOiIzYjU1M2FjNDYwYTUzMDE2MjVkY2ZhYzEwNzUzZDMyYWIyMzEyM2ZjIn0=", "expire_date": "2020-10-09T14:02:29.990Z"}}, {"model": "ads.author", "pk": 1, "fields": {"user": 1, "profile_pic": "default-profile-pic.png"}}, {"model": "ads.author", "pk": 5, "fields": {"user": 7, "profile_pic": "uploads/profile-pictures/me.jpg"}}, {"model": "ads.ads", "pk": 13, "fields": {"author": 5, "title": "Camera", "description": "<p>Description Goes here!</p>", "price": "350.00", "date_created": "2020-09-24T05:23:36.596Z", "state": 2, "city": 1, "category": 13, "condition": "Excellent", "brand": "Okola", "phone": "01994373945", "video": null, "is_featured": true, "is_active": true}}, {"model": "ads.ads", "pk": 14, "fields": {"author": 1, "title": "Gears", "description": "I have old gears needs to be sold.", "price": "555.00", "date_created": "2020-09-24T17:44:20.646Z", "state": 3, "city": 2, "category": 12, "condition": "Good", "brand": "Suzuki", "phone": "01994373945", "video": "https://www.youtube.com/watch?v=DJsP8ZYiul8", "is_featured": true, "is_active": true}}, {"model": "ads.ads", "pk": 15, "fields": {"author": 1, "title": "GPS", "description": "I have a GPS to sell.", "price": "1050.00", "date_created": "2020-09-24T18:15:54.978Z", "state": 4, "city": 3, "category": 16, "condition": "Good", "brand": "Hunifa", "phone": "01554567876", "video": "", "is_featured": true, "is_active": true}}, {"model": "ads.state", "pk": 1, "fields": {"state_name": "Georgia", "slug": "georgia"}}, {"model": "ads.state", "pk": 2, "fields": {"state_name": "Florida", "slug": "florida"}}, {"model": "ads.state", "pk": 3, "fields": {"state_name": "Arkansas", "slug": "arkansas"}}, {"model": "ads.state", "pk": 4, "fields": {"state_name": "Delaware", "slug": "delaware"}}, {"model": "ads.state", "pk": 5, "fields": {"state_name": "Alabama", "slug": "alabama"}}, {"model": "ads.state", "pk": 6, "fields": {"state_name": "Illinois", "slug": "illinois"}}, {"model": "ads.city", "pk": 1, "fields": {"city_name": "Tampa", "slug": "tampa"}}, {"model": "ads.city", "pk": 2, "fields": {"city_name": "Huaio", "slug": "huaio"}}, {"model": "ads.city", "pk": 3, "fields": {"city_name": "Kobak", "slug": "kobak"}}, {"model": "ads.city", "pk": 4, "fields": {"city_name": "", "slug": null}}, {"model": "ads.city", "pk": 5, "fields": {"city_name": "Hous", "slug": "hous"}}, {"model": "ads.city", "pk": 6, "fields": {"city_name": "ss", "slug": "ss"}}, {"model": "ads.city", "pk": 7, "fields": {"city_name": "dd", "slug": "dd"}}, {"model": "ads.city", "pk": 8, "fields": {"city_name": "ghgh", "slug": "ghgh"}}, {"model": "ads.city", "pk": 9, "fields": {"city_name": "hgs", "slug": "hgs"}}, {"model": "ads.city", "pk": 10, "fields": {"city_name": "sssssss", "slug": "sssssss"}}, {"model": "ads.city", "pk": 11, "fields": {"city_name": "h", "slug": "h"}}, {"model": "ads.city", "pk": 12, "fields": {"city_name": "haga", "slug": "haga"}}, {"model": "ads.city", "pk": 13, "fields": {"city_name": "er", "slug": "er"}}, {"model": "ads.category", "pk": 4, "fields": {"category_name": "Hunting land for lease & leases wanted", "category_image": "", "slug": "hunting-land-for-lease-leases-wanted"}}, {"model": "ads.category", "pk": 7, "fields": {"category_name": "Hunting vehicles & ATVs for sale", "category_image": "", "slug": "hunting-vehicles-atvs-for-sale"}}, {"model": "ads.category", "pk": 9, "fields": {"category_name": "Business for sale", "category_image": "", "slug": "business-for-sale"}}, {"model": "ads.category", "pk": 10, "fields": {"category_name": "Blinds & Stands", "category_image": "", "slug": "blinds-stands"}}, {"model": "ads.category", "pk": 11, "fields": {"category_name": "Hunting dogs for sale & training", "category_image": "", "slug": "hunting-dogs-for-sale-training"}}, {"model": "ads.category", "pk": 12, "fields": {"category_name": "Hunting property for sale", "category_image": "", "slug": "hunting-property-for-sale"}}, {"model": "ads.category", "pk": 13, "fields": {"category_name": "Game calls", "category_image": "", "slug": "game-calls"}}, {"model": "ads.category", "pk": 15, "fields": {"category_name": "Merchandise", "category_image": "", "slug": "merchandise"}}, {"model": "ads.category", "pk": 16, "fields": {"category_name": "Camouflage & Outerwear", "category_image": "", "slug": "camouflage-outerwear"}}, {"model": "ads.category", "pk": 17, "fields": {"category_name": "Archery", "category_image": "", "slug": "archery"}}, {"model": "ads.adsimages", "pk": 17, "fields": {"ads": 13, "image": "uploads/2020/09/24/binoculars.jpg"}}, {"model": "ads.adsimages", "pk": 18, "fields": {"ads": 14, "image": "uploads/2020/09/24/Hunting-Gears.png"}}, {"model": "ads.adsimages", "pk": 19, "fields": {"ads": 15, "image": "uploads/2020/09/25/gps.jpg"}}, {"model": "ads.adsimages", "pk": 26, "fields": {"ads": 13, "image": "uploads/2020/09/25/camera.jpg"}}, {"model": "ads.adstopbanner", "pk": 1, "fields": {"title": "Place Your Ad", "image": "banners/2020/09/24/img-02.jpg"}}, {"model": "ads.adsrightbanner", "pk": 1, "fields": {"title": "Place Your Ad", "image": "banners/2020/09/24/ctl-img.jpg"}}, {"model": "ads.adsrightbanner", "pk": 2, "fields": {"title": "Place Your Ad", "image": "banners/2020/09/24/ctl-img_ie7Zce5.jpg"}}, {"model": "ads.adsrightbanner", "pk": 3, "fields": {"title": "Place Your Ad", "image": "banners/2020/09/24/ctl-img_DbwdfGT.jpg"}}, {"model": "ads.adsrightbanner", "pk": 4, "fields": {"title": "Place Your Ad", "image": "banners/2020/09/24/ctl-img_4Aib9XJ.jpg"}}, {"model": "ads.adsrightbanner", "pk": 5, "fields": {"title": "Place Your Ad", "image": "banners/2020/09/24/ctl-img_1fGrpOA.jpg"}}, {"model": "ads.adsbottombanner", "pk": 1, "fields": {"title": "Place Your Ad", "image": "banners/2020/09/24/img-02_HV66goD.jpg"}}, {"model": "admin.logentry", "pk": 1, "fields": {"action_time": "2020-09-22T04:34:33.525Z", "user": 1, "content_type": 8, "object_id": "1", "object_repr": "Hunting land for lease & leases wanted", "action_flag": 1, "change_message": "[{\"added\": {}}]"}}, {"model": "admin.logentry", "pk": 2, "fields": {"action_time": "2020-09-22T04:40:15.119Z", "user": 1, "content_type": 10, "object_id": "1", "object_repr": "mahmud", "action_flag": 1, "change_message": "[{\"added\": {}}]"}}, {"model": "admin.logentry", "pk": 3, "fields": {"action_time": "2020-09-22T04:40:19.716Z", "user": 1, "content_type": 7, "object_id": "1", "object_repr": "Backpack", "action_flag": 1, "change_message": "[{\"added\": {}}]"}}, {"model": "admin.logentry", "pk": 4, "fields": {"action_time": "2020-09-22T04:40:26.774Z", "user": 1, "content_type": 7, "object_id": "1", "object_repr": "Backpack", "action_flag": 2, "change_message": "[{\"changed\": {\"fields\": [\"is_featured\"]}}]"}}, {"model": "admin.logentry", "pk": 5, "fields": {"action_time": "2020-09-22T04:54:47.816Z", "user": 1, "content_type": 7, "object_id": "1", "object_repr": "Backpack", "action_flag": 2, "change_message": "[{\"added\": {\"name\": \"ads images\", \"object\": \"Backpack\"}}, {\"added\": {\"name\": \"ads images\", \"object\": \"Backpack\"}}, {\"added\": {\"name\": \"ads images\", \"object\": \"Backpack\"}}]"}}, {"model": "admin.logentry", "pk": 6, "fields": {"action_time": "2020-09-22T08:05:35.699Z", "user": 1, "content_type": 4, "object_id": "2", "object_repr": "lubaba", "action_flag": 1, "change_message": "[{\"added\": {}}]"}}, {"model": "admin.logentry", "pk": 7, "fields": {"action_time": "2020-09-22T08:05:45.323Z", "user": 1, "content_type": 10, "object_id": "2", "object_repr": "lubaba", "action_flag": 1, "change_message": "[{\"added\": {}}]"}}, {"model": "admin.logentry", "pk": 8, "fields": {"action_time": "2020-09-22T09:19:20.186Z", "user": 1, "content_type": 7, "object_id": "3", "object_repr": "t", "action_flag": 3, "change_message": ""}}, {"model": "admin.logentry", "pk": 9, "fields": {"action_time": "2020-09-22T09:19:31.471Z", "user": 1, "content_type": 7, "object_id": "2", "object_repr": "t", "action_flag": 3, "change_message": ""}}, {"model": "admin.logentry", "pk": 10, "fields": {"action_time": "2020-09-22T09:38:02.160Z", "user": 1, "content_type": 7, "object_id": "4", "object_repr": "d", "action_flag": 2, "change_message": "[{\"changed\": {\"fields\": [\"is_featured\"]}}]"}}, {"model": "admin.logentry", "pk": 11, "fields": {"action_time": "2020-09-22T09:42:49.441Z", "user": 1, "content_type": 8, "object_id": "3", "object_repr": "Hunting land for lease & leases wanted", "action_flag": 3, "change_message": ""}}, {"model": "admin.logentry", "pk": 12, "fields": {"action_time": "2020-09-22T09:42:49.491Z", "user": 1, "content_type": 8, "object_id": "2", "object_repr": "Hunting land for lease & leases wanted", "action_flag": 3, "change_message": ""}}, {"model": "admin.logentry", "pk": 13, "fields": {"action_time": "2020-09-22T09:42:49.524Z", "user": 1, "content_type": 8, "object_id": "1", "object_repr": "Hunting land for lease & leases wanted", "action_flag": 3, "change_message": ""}}, {"model": "admin.logentry", "pk": 14, "fields": {"action_time": "2020-09-22T09:48:45.643Z", "user": 1, "content_type": 7, "object_id": "4", "object_repr": "d", "action_flag": 2, "change_message": "[{\"changed\": {\"fields\": [\"description\", \"category\"]}}]"}}, {"model": "admin.logentry", "pk": 15, "fields": {"action_time": "2020-09-22T09:49:01.620Z", "user": 1, "content_type": 7, "object_id": "1", "object_repr": "Backpack", "action_flag": 2, "change_message": "[{\"changed\": {\"fields\": [\"category\"]}}]"}}, {"model": "admin.logentry", "pk": 16, "fields": {"action_time": "2020-09-22T10:03:37.579Z", "user": 1, "content_type": 7, "object_id": "6", "object_repr": "Gun", "action_flag": 3, "change_message": ""}}, {"model": "admin.logentry", "pk": 17, "fields": {"action_time": "2020-09-22T10:03:59.983Z", "user": 1, "content_type": 8, "object_id": "5", "object_repr": "Hunting land for lease & leases wanted", "action_flag": 3, "change_message": ""}}, {"model": "admin.logentry", "pk": 18, "fields": {"action_time": "2020-09-22T14:13:22.799Z", "user": 1, "content_type": 7, "object_id": "7", "object_repr": "dddas", "action_flag": 3, "change_message": ""}}, {"model": "admin.logentry", "pk": 19, "fields": {"action_time": "2020-09-22T14:13:22.825Z", "user": 1, "content_type": 7, "object_id": "5", "object_repr": "Stand", "action_flag": 3, "change_message": ""}}, {"model": "admin.logentry", "pk": 20, "fields": {"action_time": "2020-09-22T14:13:22.844Z", "user": 1, "content_type": 7, "object_id": "4", "object_repr": "d", "action_flag": 3, "change_message": ""}}, {"model": "admin.logentry", "pk": 21, "fields": {"action_time": "2020-09-22T14:13:38.184Z", "user": 1, "content_type": 7, "object_id": "1", "object_repr": "Backpack", "action_flag": 2, "change_message": "[{\"changed\": {\"fields\": [\"state\"]}}]"}}, {"model": "admin.logentry", "pk": 22, "fields": {"action_time": "2020-09-22T15:15:21.164Z", "user": 1, "content_type": 8, "object_id": "6", "object_repr": "null", "action_flag": 3, "change_message": ""}}, {"model": "admin.logentry", "pk": 23, "fields": {"action_time": "2020-09-23T03:51:57.512Z", "user": 1, "content_type": 4, "object_id": "4", "object_repr": "niha", "action_flag": 1, "change_message": "[{\"added\": {}}]"}}, {"model": "admin.logentry", "pk": 24, "fields": {"action_time": "2020-09-23T04:02:37.287Z", "user": 1, "content_type": 4, "object_id": "5", "object_repr": "johny", "action_flag": 1, "change_message": "[{\"added\": {}}]"}}, {"model": "admin.logentry", "pk": 25, "fields": {"action_time": "2020-09-23T04:03:23.851Z", "user": 1, "content_type": 4, "object_id": "3", "object_repr": "sajib", "action_flag": 3, "change_message": ""}}, {"model": "admin.logentry", "pk": 26, "fields": {"action_time": "2020-09-23T04:47:36.453Z", "user": 1, "content_type": 7, "object_id": "9", "object_repr": "sa", "action_flag": 3, "change_message": ""}}, {"model": "admin.logentry", "pk": 27, "fields": {"action_time": "2020-09-23T04:48:14.514Z", "user": 1, "content_type": 8, "object_id": "8", "object_repr": "null", "action_flag": 3, "change_message": ""}}, {"model": "admin.logentry", "pk": 28, "fields": {"action_time": "2020-09-23T05:33:01.708Z", "user": 1, "content_type": 7, "object_id": "10", "object_repr": "Binocular", "action_flag": 2, "change_message": "[{\"changed\": {\"fields\": [\"title\", \"description\"]}}]"}}, {"model": "admin.logentry", "pk": 29, "fields": {"action_time": "2020-09-23T05:33:38.690Z", "user": 1, "content_type": 7, "object_id": "8", "object_repr": "Camera", "action_flag": 2, "change_message": "[{\"changed\": {\"fields\": [\"author\", \"description\"]}}]"}}, {"model": "admin.logentry", "pk": 30, "fields": {"action_time": "2020-09-23T05:40:40.273Z", "user": 1, "content_type": 7, "object_id": "8", "object_repr": "Camera", "action_flag": 2, "change_message": "[{\"changed\": {\"fields\": [\"is_featured\"]}}]"}}, {"model": "admin.logentry", "pk": 31, "fields": {"action_time": "2020-09-23T08:54:15.831Z", "user": 1, "content_type": 7, "object_id": "8", "object_repr": "Camera", "action_flag": 2, "change_message": "[{\"changed\": {\"fields\": [\"author\"]}}]"}}, {"model": "admin.logentry", "pk": 32, "fields": {"action_time": "2020-09-23T08:55:41.646Z", "user": 1, "content_type": 4, "object_id": "5", "object_repr": "johny", "action_flag": 3, "change_message": ""}}, {"model": "admin.logentry", "pk": 33, "fields": {"action_time": "2020-09-23T08:55:41.687Z", "user": 1, "content_type": 4, "object_id": "2", "object_repr": "lubaba", "action_flag": 3, "change_message": ""}}, {"model": "admin.logentry", "pk": 34, "fields": {"action_time": "2020-09-23T08:55:41.712Z", "user": 1, "content_type": 4, "object_id": "4", "object_repr": "niha", "action_flag": 3, "change_message": ""}}, {"model": "admin.logentry", "pk": 35, "fields": {"action_time": "2020-09-23T08:55:41.762Z", "user": 1, "content_type": 4, "object_id": "6", "object_repr": "sajib", "action_flag": 3, "change_message": ""}}, {"model": "admin.logentry", "pk": 36, "fields": {"action_time": "2020-09-23T16:56:18.389Z", "user": 1, "content_type": 7, "object_id": "8", "object_repr": "Camera", "action_flag": 2, "change_message": "[{\"changed\": {\"fields\": [\"video\"]}}]"}}, {"model": "admin.logentry", "pk": 37, "fields": {"action_time": "2020-09-23T17:22:00.646Z", "user": 1, "content_type": 7, "object_id": "12", "object_repr": "ssee", "action_flag": 2, "change_message": "[{\"changed\": {\"fields\": [\"is_featured\"]}}]"}}, {"model": "admin.logentry", "pk": 38, "fields": {"action_time": "2020-09-24T04:45:05.409Z", "user": 1, "content_type": 7, "object_id": "12", "object_repr": "ssee", "action_flag": 3, "change_message": ""}}, {"model": "admin.logentry", "pk": 39, "fields": {"action_time": "2020-09-24T04:45:05.447Z", "user": 1, "content_type": 7, "object_id": "11", "object_repr": "sas", "action_flag": 3, "change_message": ""}}, {"model": "admin.logentry", "pk": 40, "fields": {"action_time": "2020-09-24T04:45:05.478Z", "user": 1, "content_type": 7, "object_id": "8", "object_repr": "Camera", "action_flag": 3, "change_message": ""}}, {"model": "admin.logentry", "pk": 41, "fields": {"action_time": "2020-09-24T04:45:05.494Z", "user": 1, "content_type": 7, "object_id": "1", "object_repr": "Backpack", "action_flag": 3, "change_message": ""}}, {"model": "admin.logentry", "pk": 42, "fields": {"action_time": "2020-09-24T05:01:49.245Z", "user": 1, "content_type": 11, "object_id": "1", "object_repr": "State object (1)", "action_flag": 1, "change_message": "[{\"added\": {}}]"}}, {"model": "admin.logentry", "pk": 43, "fields": {"action_time": "2020-09-24T05:21:58.872Z", "user": 1, "content_type": 12, "object_id": "1", "object_repr": "Tampa", "action_flag": 1, "change_message": "[{\"added\": {}}]"}}, {"model": "admin.logentry", "pk": 44, "fields": {"action_time": "2020-09-24T05:22:12.407Z", "user": 1, "content_type": 11, "object_id": "2", "object_repr": "Florida", "action_flag": 1, "change_message": "[{\"added\": {}}]"}}, {"model": "admin.logentry", "pk": 45, "fields": {"action_time": "2020-09-24T05:23:36.650Z", "user": 1, "content_type": 7, "object_id": "13", "object_repr": "Camera", "action_flag": 1, "change_message": "[{\"added\": {}}, {\"added\": {\"name\": \"ads images\", \"object\": \"Camera\"}}]"}}, {"model": "admin.logentry", "pk": 46, "fields": {"action_time": "2020-09-24T07:04:32.702Z", "user": 1, "content_type": 13, "object_id": "1", "object_repr": "AdsRightBanner object (1)", "action_flag": 1, "change_message": "[{\"added\": {}}]"}}, {"model": "admin.logentry", "pk": 47, "fields": {"action_time": "2020-09-24T07:05:46.472Z", "user": 1, "content_type": 13, "object_id": "2", "object_repr": "Place Your Ad", "action_flag": 1, "change_message": "[{\"added\": {}}]"}}, {"model": "admin.logentry", "pk": 48, "fields": {"action_time": "2020-09-24T07:05:59.611Z", "user": 1, "content_type": 13, "object_id": "3", "object_repr": "Place Your Ad", "action_flag": 1, "change_message": "[{\"added\": {}}]"}}, {"model": "admin.logentry", "pk": 49, "fields": {"action_time": "2020-09-24T07:06:16.918Z", "user": 1, "content_type": 13, "object_id": "4", "object_repr": "Place Your Ad", "action_flag": 1, "change_message": "[{\"added\": {}}]"}}, {"model": "admin.logentry", "pk": 50, "fields": {"action_time": "2020-09-24T07:06:30.208Z", "user": 1, "content_type": 13, "object_id": "5", "object_repr": "Place Your Ad", "action_flag": 1, "change_message": "[{\"added\": {}}]"}}, {"model": "admin.logentry", "pk": 51, "fields": {"action_time": "2020-09-24T07:42:37.030Z", "user": 1, "content_type": 14, "object_id": "1", "object_repr": "Place Your Ad", "action_flag": 1, "change_message": "[{\"added\": {}}]"}}, {"model": "admin.logentry", "pk": 52, "fields": {"action_time": "2020-09-24T08:01:56.212Z", "user": 1, "content_type": 15, "object_id": "1", "object_repr": "Place Your Ad", "action_flag": 1, "change_message": "[{\"added\": {}}]"}}, {"model": "admin.logentry", "pk": 53, "fields": {"action_time": "2020-09-24T15:00:21.360Z", "user": 1, "content_type": 7, "object_id": "13", "object_repr": "Camera", "action_flag": 2, "change_message": "[{\"changed\": {\"fields\": [\"is_active\"]}}]"}}, {"model": "admin.logentry", "pk": 54, "fields": {"action_time": "2020-09-24T15:01:30.507Z", "user": 1, "content_type": 7, "object_id": "13", "object_repr": "Camera", "action_flag": 2, "change_message": "[{\"changed\": {\"fields\": [\"is_active\"]}}]"}}, {"model": "admin.logentry", "pk": 55, "fields": {"action_time": "2020-09-24T17:45:02.320Z", "user": 1, "content_type": 7, "object_id": "14", "object_repr": "Gears", "action_flag": 2, "change_message": "[{\"changed\": {\"fields\": [\"is_featured\", \"is_active\"]}}]"}}, {"model": "admin.logentry", "pk": 56, "fields": {"action_time": "2020-09-24T18:16:21.902Z", "user": 1, "content_type": 7, "object_id": "15", "object_repr": "GPS", "action_flag": 2, "change_message": "[{\"changed\": {\"fields\": [\"is_featured\", \"is_active\"]}}]"}}, {"model": "admin.logentry", "pk": 57, "fields": {"action_time": "2020-09-24T18:20:50.348Z", "user": 1, "content_type": 8, "object_id": "14", "object_repr": "null", "action_flag": 3, "change_message": ""}}, {"model": "admin.logentry", "pk": 58, "fields": {"action_time": "2020-09-25T15:58:50.564Z", "user": 1, "content_type": 7, "object_id": "13", "object_repr": "Camera", "action_flag": 2, "change_message": "[{\"added\": {\"name\": \"ads images\", \"object\": \"Camera\"}}]"}}, {"model": "admin.logentry", "pk": 59, "fields": {"action_time": "2020-09-25T16:17:44.828Z", "user": 1, "content_type": 7, "object_id": "30", "object_repr": "a", "action_flag": 3, "change_message": ""}}, {"model": "admin.logentry", "pk": 60, "fields": {"action_time": "2020-09-25T16:17:44.877Z", "user": 1, "content_type": 7, "object_id": "29", "object_repr": "bra", "action_flag": 3, "change_message": ""}}, {"model": "admin.logentry", "pk": 61, "fields": {"action_time": "2020-09-25T16:17:44.903Z", "user": 1, "content_type": 7, "object_id": "28", "object_repr": "holla", "action_flag": 3, "change_message": ""}}, {"model": "admin.logentry", "pk": 62, "fields": {"action_time": "2020-09-25T16:17:44.929Z", "user": 1, "content_type": 7, "object_id": "27", "object_repr": "McDonald's (Burgers We\u2019d Never Make) - The Molecular Burger", "action_flag": 3, "change_message": ""}}, {"model": "admin.logentry", "pk": 63, "fields": {"action_time": "2020-09-25T16:17:44.952Z", "user": 1, "content_type": 7, "object_id": "26", "object_repr": "Kraft - Kraft It", "action_flag": 3, "change_message": ""}}]